{
  "project_info": {
    "project_number": "764519820909",
    "project_id": "library-mngt",
    "storage_bucket": "library-mngt.appspot.com"
  },
  "client": [
    {
      "client_info": {
        "mobilesdk_app_id": "1:764519820909:android:9015b0d8399be40444d964",
        "android_client_info": {
          "package_name": "com.example.lib_mgt_01"
        }
      },
      "oauth_client": [],
      "api_key": [
        {
          "current_key": "AIzaSyBdrTifbwydyy3sbZmwj2MkYbZUMQ2oYl4"
        }
      ],
      "services": {
        "appinvite_service": {
          "other_platform_oauth_client": []
        }
      }
    },
    {
      "client_info": {
        "mobilesdk_app_id": "1:764519820909:android:2477485ea874a8db44d964",
        "android_client_info": {
          "package_name": "com.example.lib_mgt_02"
        }
      },
      "oauth_client": [],
      "api_key": [
        {
          "current_key": "AIzaSyBdrTifbwydyy3sbZmwj2MkYbZUMQ2oYl4"
        }
      ],
      "services": {
        "appinvite_service": {
          "other_platform_oauth_client": []
        }
      }
    },
    {
      "client_info": {
        "mobilesdk_app_id": "1:764519820909:android:0f0bb28afa0fc47244d964",
        "android_client_info": {
          "package_name": "com.example.lib_mngt_01"
        }
      },
      "oauth_client": [],
      "api_key": [
        {
          "current_key": "AIzaSyBdrTifbwydyy3sbZmwj2MkYbZUMQ2oYl4"
        }
      ],
      "services": {
        "appinvite_service": {
          "other_platform_oauth_client": []
        }
      }
    }
  ],
  "configuration_version": "1"
}